start_time,end_time,max_time,peak_width,peak_risetime,peak_falltime,peak_flux
85196445.33102295,85197621.33102295,85196947.33102295,1175.5337867420421,501.1098374819994,674.4239492600427,12.802081
85200376.33102295,85203975.33102295,85202689.33102295,3599.1843297965097,2312.6833278750164,1286.5010019214933,17.785444
85213140.33102295,85217409.33102295,85216143.33102295,4269.380500085321,3002.559801628053,1266.820698457268,7.0834107
85260815.33102295,85261311.33102295,85261054.33102295,495.6048551382992,238.08998768861056,257.5148674496886,10.061421
85264413.33102295,85265250.33102295,85264637.33102295,837.5339950953057,223.62461916462053,613.9093759306852,19.242815
85520471.86376415,85520885.86376415,85520605.86376415,413.9595201074553,133.760067650961,280.1994524564943,27.521109
85769507.98042187,85769876.98042187,85769588.98042187,369.3714812638282,80.90889172108291,288.46258954274526,19.101381
85810504.96102637,85811237.96102637,85810779.96102637,733.0832677338312,274.3473149543406,458.7359527794906,17.663723
86022851.91350977,86023241.91350977,86022937.91350977,389.2171630379453,85.19243967080547,304.0247233671398,10.40422
86027603.91350977,86028837.91350977,86027970.91350977,1233.6732010526248,366.5135435672528,867.159657485372,12.410386
86029214.91350977,86030333.91350977,86029865.91350977,1119.599630031542,650.8407626387379,468.75886739280395,5.8374114
86032481.91350977,86035765.91350977,86034840.91350977,3283.9207333811537,2358.124632016632,925.7961013645217,12.164306
86037537.91350977,86038243.91350977,86037759.91350977,705.926250188335,221.61761517615014,484.3086350121848,6.9173355
86041033.91350977,86041396.91350977,86041170.91350977,363.4709950643628,136.85508921390647,226.61590585045633,10.722155
86041568.91350977,86042334.91350977,86042114.91350977,765.6040125392537,545.1087835941726,220.49522894508118,9.648514
86050453.91350977,86050582.91350977,86050495.91350977,128.43181800530147,41.345624404195405,87.08619360110606,8.407046
86050805.91350977,86051581.91350977,86051027.91350977,776.265323153224,221.42182382929605,554.843499323928,10.391057
88306408.08875048,88307166.08875048,88306528.08875048,758.3419783970994,119.59689762495236,638.745080772147,11.574151
88306728.08875048,88306906.08875048,88306855.08875048,178.69054399664037,126.92939480309178,51.76114919354859,6.135048
88309291.08875048,88309771.08875048,88309448.08875048,480.2006004486193,156.80182996568783,323.39877048293147,8.74266
88316523.08875048,88319010.08875048,88318050.08875048,2487.172895054073,1526.737206031281,960.4356890227918,7.0338464
88338187.08875048,88339052.08875048,88338703.08875048,865.0467443216912,515.534196083172,349.51254823851923,3.9470007
88344767.08875048,88345019.08875048,88344889.08875048,251.88767250991805,121.75972066621762,130.12795184370043,3.04492
88359368.08875048,88360282.08875048,88359563.08875048,913.8578076509075,194.04068831317272,719.8171193377348,12.631524
88366679.08875048,88367289.08875048,88366819.08875048,609.1121596612575,139.03392736820388,470.0782322930536,5.248831
88377689.08875048,88379067.08875048,88378916.08875048,1377.8802645359392,1226.713133230005,151.16713130593416,8.856886
88382167.08875048,88382819.08875048,88382685.08875048,651.1717117202352,517.083265706111,134.0884460141242,1.2556156
88698252.80085845,88699196.80085845,88698828.80085845,943.4241147855068,575.0985352816433,368.32557950386354,5.8322215
88699906.80085845,88701949.80085845,88700011.80085845,382.2807359985791,104.26788251547714,278.01285348310194,6.5866427
88710395.80085845,88710836.80085845,88710594.80085845,440.7126436418912,198.2060598970511,242.5065837448401,6.192596
88719138.80085845,88719670.80085845,88719344.80085845,532.1749799484642,205.42862494082874,326.74635500763543,9.655318
88726089.80085845,88730195.80085845,88727236.80085845,2411.0561796255715,1146.3629635709185,1264.693216054653,8.125206
88731584.80085845,88732112.80085845,88731859.80085845,527.5101746753717,274.022639575036,253.48753510033566,3.070018
88732216.80085845,88732595.80085845,88732369.80085845,379.5493453498566,152.73279061460198,226.8165547352546,5.212219
88923295.87233594,88927789.87233594,88925253.87233594,1879.6305823256025,1157.0986048020768,722.5319775235257,14.31578
88937115.87233594,88944294.87233594,88942249.87233594,5355.456751739512,3309.533390595294,2045.9233611442178,30.313503
88951012.87233594,88955879.87233594,88952944.87233594,3032.7898559881214,1931.4607886199155,1101.3290673682059,14.198029
88957975.87233594,88965204.87233594,88959762.87233594,5390.602739178845,1786.4422328580767,3604.160506320768,12.62373
88971967.87233594,88974976.87233594,88974552.87233594,3008.4451060305437,2583.8766241987832,424.56848183176044,14.985995
88980076.87233594,88985901.87233594,88984640.87233594,3977.5252330574003,2715.8952275137635,1261.6300055436368,23.31447
88986426.87233594,88989094.87233594,88987299.87233594,1866.28839079538,872.3232522328326,993.9651385625475,11.798938
88991178.87233594,88991614.87233594,88991288.87233594,435.4582937058294,109.09100970252621,326.3672840033032,25.397789
88996300.96824658,89000205.96824658,88998621.96824658,1388.3427353725847,464.87238897944553,923.4703463931392,19.666735
89006174.96824658,89007919.96824658,89006579.96824658,1744.730931161419,404.1746370781966,1340.5562940832224,23.943806
89044172.96824658,89045441.96824658,89044403.96824658,1269.0663317301733,230.84709317901434,1038.219238551159,14.409609
89080780.39998047,89081179.39998047,89080949.39998047,398.813102171413,168.01681854457047,230.79628362684252,19.29421
89140551.39998047,89141998.39998047,89140718.39998047,1446.9566978881194,166.77009950997308,1280.1865983781463,15.668762
89342649.49548975,89345846.49548975,89345024.49548975,467.5454041105486,296.09594082544845,171.44946328510014,23.27127
89349704.49548975,89355604.49548975,89353592.49548975,3819.478283393393,1806.7244326445016,2012.7538507488916,26.436457
89389997.49548975,89390135.49548975,89390064.49548975,138.1862313222082,66.69694291819178,71.4892884040164,14.701098
89390297.49548975,89391761.49548975,89390483.49548975,1464.1308175383529,185.39203342886321,1278.7387841094896,21.470194
89412222.49548975,89415482.49548975,89412309.49548975,1141.6422474884166,86.0426487220102,1055.5995987664064,17.134462
89427394.13586132,89432593.13586132,89431367.13586132,2403.405447778915,1213.2417892984113,1190.1636584805037,20.282215
89468900.13586132,89473050.13586132,89469839.13586132,1357.5882713081992,911.796044958417,445.79222634978214,11.418936
89496016.13586132,89496270.13586132,89496063.13586132,253.94537747912545,46.20850937357318,207.73686810555228,19.70798
89496410.13586132,89500331.13586132,89496965.13586132,1748.4075599850185,554.7040289664219,1193.7035310185965,23.66956
89518802.12636133,89525006.12636133,89522643.12636133,2959.4922957229555,1048.8522919992538,1910.6400037237017,34.044994
89529638.12636133,89530431.12636133,89530248.12636133,792.3786819929519,609.061643669078,183.31703832387393,15.847446
89536899.12636133,89538360.12636133,89537435.12636133,957.1080990248774,535.3386468090066,421.76945221587084,18.043741
89567210.12636133,89572114.12636133,89571349.12636133,2684.3622889500075,1919.3009112575346,765.0613776924729,9.459491
89588013.12636133,89593058.12636133,89589616.12636133,2816.413099531812,1602.6396221850955,1213.7734773467164,11.668758
89609596.12048633,89615038.12048633,89613559.12048633,3168.8157660492952,1706.1519877911333,1462.663778258162,8.697297
89625330.12048633,89630559.12048633,89628654.12048633,2257.4739147921773,1078.0158601671083,1179.458054625069,18.626179
89630816.12048633,89634779.12048633,89632401.12048633,1698.9831483239905,1566.4332715015335,132.549876822457,7.7233067
89645995.12048633,89649897.12048633,89648968.12048633,1302.9493502397927,720.4621010988994,582.4872491408933,13.245722
89664890.12048633,89670056.12048633,89666111.12048633,2102.8231548502663,438.1655976365728,1664.6575572136935,19.382912
89703066.11665575,89707179.11665575,89705494.11665575,1484.570994244752,158.8146324823192,1325.7563617624328,187.39096
89784854.10941309,89787843.10941309,89786498.10941309,2032.2524502300066,687.1298648223828,1345.1225854076238,21.796543
89861694.10353906,89863853.10353906,89862623.10353906,1122.0656269903384,928.4461495834289,193.61947740690948,15.499857
90018093.104874,90019473.104874,90019313.104874,182.31085205734416,21.979959891963517,160.33089216538065,24.969461
90018083.104874,90023478.104874,90021051.104874,988.0253889669184,929.7394433406298,58.285945626288594,22.131506
90062034.10513867,90063476.10513867,90062350.10513867,601.3614681180297,315.415107345445,285.94636077258474,27.38562
90251267.10362549,90257875.10362549,90252890.10362549,2707.0821817842734,232.31461235368624,2474.767569430587,13.7868805
90267007.10362549,90273891.10362549,90268303.10362549,2159.303924281572,446.64624931954313,1712.657674962029,26.83714
90275039.10362549,90280966.10362549,90278317.10362549,2013.1950194166202,799.1332388454321,1214.0617805711881,24.08694
90285304.10362549,90286157.10362549,90285870.10362549,852.8596644304198,565.3529737973076,287.50669063311216,36.682343
90293653.102725,90296104.102725,90295127.102725,1023.2642547992641,45.29596354166688,977.9682912575972,74.924034
90341810.102725,90343139.102725,90342415.102725,1329.42445933837,604.8264457623409,724.5980135760292,97.63092
90394112.11150049,90422558.11150049,90406588.11150049,11450.4379028931,5929.785875179474,5520.652027713626,89.902435
90470119.11127734,90477073.11127734,90471962.11127734,2862.2568762597148,294.92614241290266,2567.330733846812,37.011078
90477363.11127734,90490924.11127734,90480287.11127734,5401.103769132859,1348.117042412111,4052.9867267207483,36.303173
90526822.11127734,90529291.11127734,90528471.11127734,889.2039745934744,69.14876906704376,820.0552055264307,38.91554
90556705.10037549,90560804.10037549,90558113.10037549,1553.2433125402777,1392.972019772029,160.2712927682487,23.18638
90583203.10037549,90585413.10037549,90585023.10037549,604.159069318448,213.35542786932638,390.80364144912164,27.747105
90593341.10037549,90597361.10037549,90596284.10037549,1480.4983276239545,403.000413105412,1077.4979145185425,30.810438
90653889.08786671,90691228.08786671,90669849.08786671,13928.328702526698,5949.312409706426,7979.0162928202735,24.194351
90675152.08786671,90681000.08786671,90680909.08786671,1657.1182179013013,1565.4488727550633,91.6693451462379,24.153818
90696376.08786671,90699479.08786671,90699443.08786671,1456.360912851418,1420.2302837160423,36.130629135375784,13.944909
90712666.08786671,90716230.08786671,90713560.08786671,181.1442482921957,68.85296638320506,112.29128190899064,22.615723
90724222.07811132,90726361.07811132,90724611.07811132,480.76157465121537,388.09344695980985,92.66812769140552,26.38046
90737686.07811132,90740779.07811132,90738789.07811132,1428.4926539177704,1102.1058099980946,326.3868439196758,6.341442
90741533.07811132,90745063.07811132,90744511.07811132,951.8163834071629,399.18014627941466,552.6362371277482,16.811676
90745825.07811132,90748094.07811132,90745871.07811132,601.1239021143956,45.09188430346512,556.0320178109305,18.418505
90755047.07811132,90761789.07811132,90759628.07811132,1674.9014326315682,1187.412309824551,487.48912280701734,11.668918
90769346.07811132,90769997.07811132,90769656.07811132,650.8314533007324,309.14528968184095,341.68616361889144,12.795416
90777080.07811132,90780734.07811132,90777171.07811132,1083.1228020768067,90.41833717618283,992.7044649006239,25.333138
90787283.07811132,90787769.07811132,90787420.07811132,486.32872610365666,136.76157215554122,349.56715394811545,22.314182
90790201.07811132,90794063.07811132,90790888.07811132,1289.1882811106661,686.9809233945598,602.2073577161063,18.2486
90851857.07024463,90854945.07024463,90853609.07024463,1369.8918383207056,33.22102327443645,1336.6708150462691,113.079834
90945508.06297411,90953010.06297411,90946767.06297411,3117.1715660221453,1249.3746991272383,1867.796866894907,29.287243
93180045.10666211,93180135.10666211,93180110.10666211,90.26079747352708,64.71765702647656,25.54314044705052,9.32155
93186591.10666211,93187071.10666211,93186907.10666211,479.9294871807316,315.3882761967742,164.5412109839574,1.4545634
93187189.10666211,93193783.10666211,93187216.10666211,245.06271494361567,26.0508187810874,219.01189616252827,4.826895
93193810.10666211,93194325.10666211,93194111.10666211,515.0609113183198,300.0747305218522,214.98618079646758,6.048863
93200774.10666211,93207812.10666211,93201279.10666211,695.4915311000605,504.10781735435876,191.3837137457017,6.5401893
93207943.10666211,93208204.10666211,93208011.10666211,261.05810206649994,67.45942751195389,193.59867455454605,8.839122
93208322.10666211,93214846.10666211,93214824.10666211,184.3005055155595,162.0803866700585,22.22011884550102,6.707888
93215466.10666211,93222106.10666211,93221988.10666211,305.5462224609555,186.66454349434207,118.88167896661344,6.5039983
93222224.10666211,93222367.10666211,93222326.10666211,142.96713914709926,101.08021806853594,41.88692107856332,6.0103683
93250236.04854004,93250608.04854004,93250476.04854004,371.8737617139295,239.3627216088139,132.51104010511563,4.46377
93264345.04854004,93264525.04854004,93264492.04854004,179.9814370919671,146.4412908578065,33.5401462341606,8.511167
93271893.04854004,93278969.04854004,93278402.04854004,767.760829773064,200.12565898682624,567.6351707862377,9.259949
93286062.04854004,93292505.04854004,93292430.04854004,140.68130444386043,65.12416280831076,75.55714163554967,4.759018
93511931.78735998,93525230.78735998,93518730.78735998,857.5092006401096,577.6619370215226,279.847263618587,22.98167
93525524.78735998,93525703.78735998,93525552.78735998,179.66985135118466,27.939061017306813,151.73079033387785,18.157799
93681135.41600293,93687553.41600293,93681275.41600293,246.34534131129203,139.9197351059329,106.42560620535914,12.653672
93694950.41600293,93701639.41600293,93695419.41600293,516.41040546764,468.28846128007535,48.12194418756462,9.664717
93688168.41600293,93708897.41600293,93702375.41600293,2212.3107663140245,1861.452466666091,350.85829964793356,9.25209
93772660.33872607,93779275.33872607,93772958.33872607,445.1255062988603,297.25762634832154,147.86787995053874,2.7647057
93780145.33872607,93786921.33872607,93786659.33872607,607.0487236420995,344.35649306565847,262.69223057644103,10.632148
93794054.33872607,93807502.33872607,93800854.33872607,1122.5858795887261,636.5446008555082,486.04127873321795,8.93217
93814983.33872607,93815291.33872607,93815153.33872607,307.1037671694976,169.09127205986078,138.0124951096368,8.854274
93878257.26713671,93878977.26713671,93878351.26713671,718.385781311682,93.09726197999953,625.2885193316824,72.53068
93906321.26713671,93913360.26713671,93906674.26713671,898.8449644435332,352.7625855929891,546.082378850544,72.556786
93921237.20948635,93934530.20948635,93928140.20948635,1016.1495371659474,763.7455357142857,252.40400145166177,58.29753
93941847.20948635,93956606.20948635,93948957.20948635,2488.544795478077,973.1087222931415,1515.4360731849356,56.21666
99885538.16472499,99887986.16472499,99885730.16472499,1139.5927676110414,191.03605363572842,948.556713975313,6.953827
99899567.16472499,99900304.16472499,99899778.16472499,737.3582705241952,210.61731330351722,526.740957220678,12.714474
99932764.16472499,99932892.16472499,99932827.16472499,128.3340439609201,62.44068953461101,65.89335442630909,3.2115057
99954418.16472499,99955094.16472499,99954453.16472499,676.7404496731397,34.78685803438566,641.953591638754,12.497233
99960898.16472499,99961052.16472499,99961002.16472499,154.3069496690805,103.32028272587922,50.98666694320127,7.0712085
99995541.85845996,99999737.85845996,99997369.85845996,4195.597771823992,1827.2864258155023,2368.3113460084896,10.809288
100004837.85845996,100005317.85845996,100005074.85845996,480.4172964944737,236.9418054306152,243.4754910638585,4.2688785
100175667.76782323,100175855.76782323,100175734.76782323,188.16202528401482,66.17749316744448,121.98453211657034,7.609009
100215495.76782323,100216043.76782323,100215635.76782323,547.9813732341718,139.64359557346324,408.3377776607085,10.484937
100321933.24760899,100323625.24760899,100322419.24760899,1692.4713956362903,485.7474650485656,1206.7239305877247,9.917281
100337257.24760899,100339480.24760899,100338032.24760899,2222.9218249096557,774.6835177101966,1448.238307199459,8.731786
100353497.24760899,100355048.24760899,100353715.24760899,1551.086197211749,217.46208417093294,1333.6241130408162,11.801483
100364098.24760899,100365110.24760899,100364296.24760899,242.2498849154581,197.57160770814517,44.67827720731293,11.2683
100363275.24760899,100370733.24760899,100369041.24760899,6687.663515164611,4995.047067319065,1692.6164478455466,13.410983
100375566.24760899,100377848.24760899,100376515.24760899,2282.287319897696,948.7618108777606,1333.5255090199353,14.194655
100387318.24760899,100390320.24760899,100389455.24760899,3001.957287943267,2136.4436879432615,865.5136000000057,11.906369
100405431.03222753,100409265.03222753,100408516.03222753,3822.3268179653296,3072.8509200000008,749.4758979653288,27.751429
100420533.03222753,100421576.03222753,100420650.03222753,1042.7612235417073,116.47982305490586,926.2814004868014,24.888874
100438524.03222753,100441028.03222753,100439264.03222753,2503.7502389379442,739.7315094458827,1764.0187294920615,47.085365
100442226.03222753,100443588.03222753,100442513.03222753,1362.7362612842408,286.77604834220983,1075.960212942031,46.05953
100444200.03222753,100445833.03222753,100444698.03222753,1632.4327112667888,497.025765619117,1135.4069456476718,57.36569
100443768.03222753,100468437.03222753,100451543.03222753,23800.33119119399,6905.831253113494,16894.499938080495,65.93644
100462291.03222753,100466096.03222753,100463932.03222753,3804.543689705519,1640.3784873986588,2164.16520230686,36.71324
100475884.03222753,100480865.03222753,100478500.03222753,4981.448801720908,2615.6503788775735,2365.7984228433343,40.18842
100489219.82302245,100494009.82302245,100490810.82302245,4790.275036040433,1590.5201082753283,3199.754927765105,39.339848
100507218.82302245,100514840.82302245,100511881.82302245,7622.033264871054,4662.375359291444,2959.65790557961,30.51963
100517924.82302245,100521957.82302245,100519750.82302245,4032.637381065935,1825.2117187063632,2207.425662359572,20.752043
100539005.82302245,100541738.82302245,100539406.82302245,2733.401896411553,400.5805452357308,2332.821351175822,17.925531
100566214.82302245,100566553.82302245,100566323.82302245,339.5094427157892,108.94037415871571,230.56906855707348,28.23307
100567966.82302245,100568450.82302245,100568202.82302245,484.22411400165583,235.9526440957561,248.27146990589972,29.29324
100570196.63300683,100570737.63300683,100570496.63300683,540.9984101265281,299.2301331089352,241.76827701759294,35.64928
100618478.63300683,100619198.63300683,100618845.63300683,720.1670105534722,366.4122060363734,353.7548045170988,19.57786
100631343.63300683,100637760.63300683,100632400.63300683,6416.649521628213,1056.0177262860598,5360.631795342153,17.421066
100676494.15555567,100679444.15555567,100677383.15555567,2949.9087080796307,888.5230810258909,2061.38562705374,480.95642
100746857.26140039,100748782.26140039,100747238.26140039,1925.1509349732673,380.98083525916127,1544.170099714106,38.996235
100753577.26140039,100758680.26140039,100755805.26140039,5103.065814925052,2227.5700585810373,2875.495756344015,29.227592
100879381.02086817,100889824.02086817,100880531.02086817,10443.588824117309,1149.7366467166794,9293.85217740063,21.440302
100956346.78369921,100974606.78369921,100960295.78369921,18260.20849933417,3948.545282457286,14311.663216876885,23.246513
101022530.5221035,101024048.5221035,101023163.5221035,1518.8384281155559,632.996567020251,885.8418610953049,9.568066
101024734.5221035,101026282.5221035,101025675.5221035,1547.6618173093775,940.4877980152487,607.1740192941288,21.983803
101026879.5221035,101028715.5221035,101027589.5221035,1835.837474407006,709.0710589514711,1126.766415455535,18.088491
101031391.5221035,101034059.5221035,101032546.5221035,2668.6391941177644,1154.7371735689158,1513.9020205488487,8.590538
101048364.5221035,101057004.5221035,101054889.5221035,8640.469423192008,6524.61510295247,2115.8543202395376,14.9499
101060930.5221035,101061932.5221035,101061214.5221035,1002.3703939370898,283.4023178807911,718.9680760562987,9.809289
101235503.99838476,101236191.99838476,101235699.99838476,687.0596712936749,195.0491308512792,492.0105404423957,18.671776
101252563.99838476,101255220.99838476,101253966.99838476,2656.890167681777,1402.6337912595336,1254.2563764222432,9.704617
101313321.70469622,101314342.70469622,101313543.70469622,1020.2604888372225,221.15555887914525,799.1049299580773,41.854427
101459901.12187989,101468633.12187989,101461875.12187989,8727.06386460971,1968.751648312198,6758.312216297512,19.51605
101503995.12187989,101504543.12187989,101504197.12187989,547.3334430484829,201.0534482019575,346.27999484652537,29.690977
101563641.80550586,101565264.80550586,101564404.80550586,1623.383019117704,762.8788380499318,860.5041810677722,18.689116
101573543.80550586,101576170.80550586,101574593.80550586,2626.570689918575,1049.3253516567274,1577.2453382618478,28.440933
101608546.52930468,101609567.52930468,101608778.52930468,1020.4456699385246,231.08952435489073,789.3561455836339,6.00964
101616237.52930468,101617480.52930468,101616821.52930468,1242.9582952440069,583.1985022019126,659.7597930420943,7.1147094
101619109.52930468,101619700.52930468,101619443.52930468,591.0125216151591,333.8927577116956,257.11976390346354,8.143224
101621289.52930468,101622789.52930468,101621889.52930468,1499.8822636503264,599.8571452009837,900.0251184493427,7.027147
101622807.52930468,101624154.52930468,101623415.52930468,1346.4827094894717,607.2152078793879,739.2675016100839,4.741642
101627113.52930468,101627710.52930468,101627203.52930468,596.9601930498538,89.94272935152912,507.0174636983247,8.034575
101628310.52930468,101628981.52930468,101628575.52930468,670.5312837396923,264.1678140902841,406.3634696494082,10.642646
101628997.52930468,101629262.52930468,101629033.52930468,264.36861436649997,35.00360252909741,229.36501183740256,11.924893
101791302.02480663,101792765.02480663,101792285.02480663,559.0805389204088,78.24563560211027,480.83490331829853,10.234718
101819025.02480663,101820100.02480663,101819373.02480663,1075.0806661562237,347.89431082574447,727.1863553304793,6.9723873
101821390.02480663,101821786.02480663,101821602.02480663,396.2759534245997,211.5930454841946,184.68290794040513,9.434328
101825414.02480663,101827395.02480663,101825834.02480663,1981.264911842678,419.3923514731505,1561.8725603695275,11.542469
101827540.02480663,101828394.02480663,101827691.02480663,854.4864227883227,150.86158026258636,703.6248425257363,3.586314
101830977.02480663,101831333.02480663,101831109.02480663,356.6396075174998,131.72250752833497,224.91709998916485,8.138296
101835262.02480663,101835703.02480663,101835304.02480663,440.79568728010054,41.714713428104005,399.08097385199653,9.374452
101841956.02480663,101843403.02480663,101842841.02480663,1446.6903835508492,884.5512856993373,562.1390978515119,5.9871254
101845823.02480663,101846225.02480663,101845971.02480663,402.22876314060704,147.48462469314836,254.74413844745868,11.536436
101857910.02480663,101859267.02480663,101858549.02480663,1356.477375989416,638.1629586648924,718.3144173245237,14.037878
101991567.49082714,101992130.49082714,101991663.49082714,562.65347803021,95.12522929761326,467.5282487325967,26.413061
102127487.94433105,102127711.94433105,102127545.94433105,224.3400743335401,57.43449658989766,166.90557774364243,5.81143
102140141.94433105,102140751.94433105,102140377.94433105,610.4018813830025,235.48128051841377,374.9206008645888,8.073363
102144361.94433105,102145161.94433105,102144723.94433105,799.9114613394304,361.9101406318514,438.001320707579,9.59952
102146189.94433105,102147396.94433105,102146494.94433105,1206.4198414622551,304.32763560538297,902.0922058568722,4.693125
102177298.94433105,102180692.94433105,102179114.94433105,3393.378726520328,1815.074442078032,1578.3042844422962,9.45892
102192369.94433105,102192930.94433105,102192902.94433105,561.0646087588393,532.1992589645961,28.86534979424323,5.7290483
102194457.94433105,102195449.94433105,102194625.94433105,992.4351848335355,167.82742941194738,824.6077554215881,17.870937
102209775.94433105,102209834.94433105,102209799.94433105,59.21929464119603,23.332814267792855,35.886480373403174,18.81506
102210416.94433105,102210753.94433105,102210725.94433105,337.20957233777153,308.5817297545291,28.627842583242455,15.189813
102261551.01486425,102262646.01486425,102261759.01486425,1094.9543475679602,207.53743568775826,887.416911880202,87.19941
102277757.01486425,102281207.01486425,102278584.01486425,3449.461199033409,826.3638942318357,2623.097304801573,66.335556
102300037.737945,102300617.737945,102300248.737945,580.2386390724055,210.37069567417166,369.8679433982338,73.23407
102314851.737945,102325307.737945,102319313.737945,10455.07462017922,4461.549565531568,5993.525054647653,67.00438
102335308.737945,102339276.737945,102336003.737945,3968.1435832726056,694.389009979539,3273.7545732930666,55.808037
102356968.737945,102360435.737945,102358604.737945,3467.50660905728,1635.6817890835591,1831.8248199737209,73.84789
102363732.737945,102365989.737945,102364108.737945,2256.966539639834,375.50276294737705,1881.463776692457,65.370224
102404681.45878027,102421359.45878027,102418141.45878027,16678.241205409686,13459.81145526057,3218.4297501491164,61.444267
102430669.45878027,102431458.45878027,102430919.45878027,788.2458564814588,249.10515818285785,539.1406982986009,39.46475
102486903.18068945,102490704.18068945,102489318.18068945,3801.2412132107274,2414.406856796115,1386.8343564146126,47.551865
102497155.18068945,102499522.18068945,102498438.18068945,2367.055524194544,1282.2185477337662,1084.8369764607778,45.343735
102542497.18068945,102545503.18068945,102543214.18068945,3005.1484337017464,716.0065657595551,2289.1418679421913,67.122284
102563556.95741406,102566410.95741406,102564178.95741406,2854.5384181746776,621.9567666681396,2232.581651506538,97.19632
102583523.95741406,102585734.95741406,102583940.95741406,2210.676492522889,416.63771099217774,1794.0387815307113,131.88988
102644011.86386816,102647755.86386816,102645382.86386816,3743.8496972811363,1370.4136363636364,2373.4360609175,48.117115
102664076.86386816,102665013.86386816,102664413.86386816,937.3559278499815,336.9543566631328,600.4015711868487,28.857208
102732592.58365233,102733247.58365233,102732750.58365233,654.9436245783972,157.8809215635515,497.06270301484574,737.33466
102843487.3000615,102845694.3000615,102843759.3000615,2207.3864606567804,271.60188367481896,1935.7845769819614,104.41704
102855086.3000615,102856743.3000615,102855824.3000615,1656.8457464984967,737.3621309853843,919.4836155131125,65.7165
102892049.3000615,102893845.3000615,102892308.3000615,1796.0920349062362,258.6018712329387,1537.4901636732975,81.53983
102922868.0138457,102925031.0138457,102923322.0138457,2163.5210112072637,453.562847184312,1709.9581640229517,490.02304
102932794.0138457,102933906.0138457,102933123.0138457,1112.0372396818639,328.47314375598944,783.5640959258744,384.1301
102995506.23212498,102996695.23212498,102995925.23212498,1188.997468793349,418.4035265068378,770.5939422865113,772.37744
103146955.25208691,103148210.25208691,103147029.25208691,1254.7419199989345,73.67957096809914,1181.0623490308353,31.693192
103194268.1450332,103200427.1450332,103196019.1450332,6159.636510986369,1750.7421669565592,4408.89434402981,310.9791
103249143.85447998,103250215.85447998,103249366.85447998,1072.3815992324626,222.64613293379898,849.7354662986636,64.34036
103257503.85447998,103264753.85447998,103258643.85447998,7249.609201726222,1139.06687625397,6110.542325472252,59.563343
103328212.85447998,103333222.85447998,103329710.85447998,5010.353797726231,1497.7874110563716,3512.5663866698596,64.58485
103355806.55729981,103359958.55729981,103356867.55729981,4151.357637690126,1060.138952400921,3091.2186852892046,22.255451
103367293.55729981,103369490.55729981,103368218.55729981,2196.9133003506868,924.5849118534607,1272.3283884972261,6.886383
103377833.55729981,103386539.55729981,103379412.55729981,8139.817428391616,1578.2212726329963,6561.59615575862,10.049557
106588635.04791309,106591722.04791309,106589489.04791309,1199.1426815321847,853.6266388868225,345.5160426453622,118.810684
106604076.04791309,106606582.04791309,106606064.04791309,613.5489522379867,95.39977907620778,518.1491731617789,176.23915
106617769.74103124,106618074.74103124,106617998.74103124,295.4229368001419,218.83390017103426,76.58903662910762,52.01269
106625422.74103124,106628750.74103124,106627583.74103124,1427.6434333305792,259.7145653616458,1167.9288679689334,35.650986
106634575.74103124,106634881.74103124,106634692.74103124,305.8856229892117,116.83537106102358,189.05025192818812,41.07159
106635517.74103124,106639336.74103124,106638956.74103124,1189.276108430815,808.955800957956,380.320307472859,31.88609
108290620.13685901,108297741.13685901,108297700.13685901,174.94954886042171,133.52371152895512,41.425837331466596,184.81474
108326108.13685901,108332979.13685901,108326152.13685901,68.76092499716992,43.79878680172965,24.962138195440275,137.20561
108368740.85335498,108382539.85335498,108375671.85335498,430.78015936605743,238.80585540761695,191.9743039584405,120.52548
108404210.85335498,108417959.85335498,108410904.85335498,514.7784565281959,70.77819143525585,444.00026509294,159.76501
108432609.57099499,108446567.57099499,108439488.57099499,812.277343072968,300.47727865381404,511.80006441915407,200.764
108496402.57099499,108517122.57099499,108503161.57099499,1233.5905807909812,254.91479156607147,978.6757892249097,107.32663
108545787.299484,108559634.299484,108553066.299484,939.0128209920758,821.0763289933311,117.93649199874471,83.458466
108574415.299484,108595075.299484,108581044.299484,1370.2874926307732,193.0847367143897,1177.2027559163835,67.320496
108616973.05197363,108631179.05197363,108623970.05197363,1407.449324585183,595.372468902535,812.0768556826479,88.59789
108659402.05197363,108673034.05197363,108666361.05197363,897.4643041047957,588.6729624307127,308.791341674083,80.94921
108708639.82048829,108708927.82048829,108708822.82048829,288.5037255206819,182.77272168085733,105.73100383982455,70.73858
108708547.82048829,108723150.82048829,108715906.82048829,1921.610245928421,1016.7288091715975,904.8814367568234,63.487137
108723380.82048829,108730039.82048829,108729876.82048829,321.0301399582763,157.51513013041267,163.51500982786365,41.40357
108723331.82048829,108751023.82048829,108737281.82048829,2352.047054253909,1275.9158012753137,1076.1312529785955,69.394585
108765309.82048829,108765819.82048829,108765375.82048829,509.4676922276494,65.18034580871063,444.2873464189388,40.997414
108787216.56216699,108808408.56216699,108807789.56216699,2253.831872587287,1633.8531415618415,619.9787310254451,70.24577
108814809.56216699,108815463.56216699,108815150.56216699,654.3270848698576,340.70534380127174,313.62174106858583,56.074142
108822670.56216699,108836083.56216699,108829155.56216699,814.026217165966,183.75805438135467,630.2681627846114,55.965637
108857345.56216699,108858061.56216699,108857704.56216699,715.7629280974506,358.201210270674,357.56171782677666,38.29352
108886478.31832616,108900368.31832616,108893469.31832616,1329.713614640169,709.671397434523,620.042217205646,44.422554
108914878.31832616,108928415.31832616,108921961.31832616,989.5992975369227,808.1891815363588,181.4101160005639,49.13121
109041869.82566504,109042267.82566504,109042073.82566504,397.02375925606805,202.3206267597013,194.70313249636672,34.997177
109049636.82566504,109056533.82566504,109056025.82566504,664.6988334839391,156.31579098313637,508.38304250080273,25.623095
109056731.82566504,109063639.82566504,109063381.82566504,678.8890756777214,420.3498513915156,258.5392242862058,30.046501
109077274.82566504,109084975.82566504,109077495.82566504,1480.8809925527376,220.5811299540901,1260.2998625986475,33.39203
109084249.82566504,109084877.82566504,109084583.82566504,627.6926743468912,333.65776589698817,294.034908449903,40.07128
109091452.82566504,109091804.82566504,109091483.82566504,351.20407400708245,30.042766198656864,321.1613078084256,29.54495
109092152.82566504,109105933.82566504,109098796.82566504,1353.3944593880487,428.4040563640565,924.9904030239923,24.083973
109106332.82566504,109113194.82566504,109113001.82566504,650.0068311782798,456.960459371614,193.04637180666577,27.753048
109113478.82566504,109120460.82566504,109120245.82566504,772.7470475064347,557.3029083567508,215.4441391496839,35.741684
109134747.58489405,109141649.58489405,109140988.58489405,697.9554944407082,36.403594683230494,661.5518997574777,73.0915
109304929.087555,109311954.087555,109311819.087555,862.6189074445165,726.9489186334436,135.66998881107293,16.923025
109326238.087555,109332876.087555,109332457.087555,470.5929584345604,56.623389538735864,413.9695688958245,22.271135
109326231.087555,109354474.087555,109340084.087555,3587.2496342018176,1522.690138846493,2064.5594953553245,18.392393
109361679.087555,109368469.087555,109367970.087555,626.6009230591753,126.60557226977835,499.995350789397,17.116497
109481295.63964996,109482142.63964996,109481335.63964996,846.5538704294728,39.38304249938926,807.1708279300835,13.708041
109482222.63964996,109489160.63964996,109488801.63964996,785.4743933859902,426.43636408601355,359.03802929997664,23.63633
109489316.63964996,109496338.63964996,109496029.63964996,869.3788951371366,559.380669383564,309.99822575357257,15.448014
109560224.40614499,109566823.40614499,109566474.40614499,451.4562106802723,101.48975661852432,349.966454061748,10.419273
109566848.40614499,109567278.40614499,109566947.40614499,429.61639107380483,98.14317048349267,331.47322059031217,12.60095
109574319.40614499,109581355.40614499,109580724.40614499,886.5194597584773,255.23084890695736,631.2886108515199,11.453084
109595650.40614499,109602630.40614499,109602593.40614499,831.2813949846641,793.5954382275768,37.6859567570873,3.5796719
109609620.40614499,109616065.40614499,109609853.40614499,297.7074820185353,232.3453541212548,65.36212789728052,13.911394
109623708.40614499,109623939.40614499,109623846.40614499,231.75848722614683,137.9380172798301,93.82046994631673,11.622231
109630552.40614499,109630937.40614499,109630695.40614499,385.230895655528,142.2859507499179,242.9449449056101,10.71482
109637298.40614499,109637910.40614499,109637843.40614499,612.9433079308965,544.9963446070633,67.94696332383319,1.4776465
109995659.306905,110009483.306905,110002637.306905,1641.5257142962503,886.5149172588106,755.0107970374397,23.501127
110009551.306905,110010078.306905,110009705.306905,527.0560318735015,153.60442120365497,373.45161066984656,20.115417
110017226.306905,110024213.306905,110023646.306905,895.8913673913157,327.9488438249282,567.9425235663875,21.730383
110031046.306905,110031324.306905,110031200.306905,277.7201162207848,153.5048654543125,124.21525076647231,14.3138485
110038071.306905,110038268.306905,110038170.306905,197.30699806525354,98.33256116042412,98.97443690482942,28.054564
110045466.306905,110051894.306905,110051853.306905,331.1505626049948,289.65874248621367,41.491820118781106,27.922417
110059393.306905,110073124.306905,110066460.306905,1530.9089935921147,967.7965587873823,563.1124348047324,19.59211
110116640.070079,110136959.070079,110130220.070079,1977.6264847010216,1354.0090538908707,623.6174308101508,36.50938
110144065.070079,110144733.070079,110144338.070079,667.8756316786348,272.16929550431814,395.7063361743167,34.495213
110151142.070079,110158251.070079,110151605.070079,988.1471843274758,462.8663311942255,525.2808531332503,40.564053
110222146.83330505,110229159.83330505,110222626.83330505,884.9475082568188,479.2959149184153,405.6515933384035,56.164043
110229791.83330505,110243343.83330505,110236543.83330505,1294.4872373134058,622.8204875160372,671.6667497973685,91.3051
110279746.63586004,110286846.63586004,110285944.63586004,969.2727832227174,66.74358432022018,902.5291989024972,146.86412
110343565.409034,110356874.409034,110349788.409034,1011.199840250393,75.58961686919952,935.6102233811935,56.594906
110357746.409034,110364846.409034,110363948.409034,948.2202857111115,49.3981613127371,898.8221243983744,53.12192
110449929.175745,110463197.175745,110456565.175745,936.3435037773015,469.8061147865419,466.5373889907596,46.057
110520288.93579005,110527025.93579005,110520772.93579005,551.3739148579325,483.1999834366243,68.17393142130823,35.225533
110534158.93579005,110541228.93579005,110534875.93579005,878.1317668124743,716.4048315709147,161.72693524155966,34.24927
110556006.93579005,110583915.93579005,110577293.93579005,3418.128106850264,3004.5322075466875,413.5958993035765,23.765799
110612099.660469,110619213.660469,110612433.660469,894.0754834589566,333.1874494411127,560.8880340178439,15.171762
110627096.660469,110640471.660469,110633724.660469,923.7155054870182,402.7316894868909,520.9838160001273,28.745617
110739835.550685,110740117.550685,110739907.550685,281.9155032511305,71.5262844663542,210.3892187847763,15.215304
110747295.550685,110747417.550685,110747348.550685,122.36384627149528,52.468867420748666,69.89497885074661,24.826654
110747446.550685,110747633.550685,110747567.550685,187.05286477335426,120.65207904390013,66.40078572945413,8.644958
110754155.550685,110761055.550685,110754476.550685,622.8659815530948,320.52087272147105,302.34510883162375,16.4213
110754692.550685,110761050.550685,110754720.550685,80.67008779224125,27.65696884656154,53.01311894567971,21.117579
110832719.47314899,110839591.47314899,110839167.47314899,562.7592150615192,138.0836349303545,424.6755801311647,20.206747
110882050.19359,110895783.19359,110888699.19359,1082.7059306728715,324.2950728317992,758.4108578410724,17.38531
111024443.52091998,111031425.52091998,111024908.52091998,603.4108440265074,464.55692609082814,138.8539179356793,14.0895195
111032158.52091998,111060737.52091998,111046020.52091998,3016.2431141647326,1090.1952442301322,1926.0478699346004,20.743313
111060115.52091998,111060551.52091998,111060203.52091998,435.85400644024685,87.30903852090705,348.5449679193398,18.576996
111060569.52091998,111060726.52091998,111060644.52091998,156.88399850099722,74.66059806965313,82.22340043134409,9.501839
111074692.52091998,111081539.52091998,111075054.52091998,432.24286325320827,361.3238720981162,70.91899115509204,16.624126
111117362.025264,111117495.025264,111117417.025264,133.17081689612485,54.84832361146334,78.3224932846615,4.612715
111180938.025264,111181204.025264,111181184.025264,265.8340310674846,245.3868229542802,20.447208113204397,12.51996
111181237.025264,111194958.025264,111188160.025264,825.0112880893466,478.3630181740573,346.64826991528935,17.241161
111188465.025264,111194952.025264,111188484.025264,34.2868426317732,18.17832349390619,16.108519137867006,12.586839
111266297.30150001,111280016.30150001,111272973.30150001,577.6898036211842,82.27357804789972,495.41622557328446,10.081953
111294516.48499219,111301349.48499219,111294668.48499219,260.9134654604743,151.83447565571646,109.07898980475784,12.231831
111301728.48499219,111308509.48499219,111308477.48499219,200.93597152168036,168.33720109760884,32.59877042407152,8.554063
111308843.48499219,111322585.48499219,111315851.48499219,555.7120537132307,418.7621090988198,136.94994461441092,5.1346545
111322878.48499219,111329760.48499219,111322949.48499219,272.63614908444106,70.15114368033392,202.48500540410714,13.871306
111343792.48499219,111351078.48499219,111351044.48499219,645.5079154542573,611.4601884027634,34.047727051493894,11.249496
111365232.48499219,111365341.48499219,111365276.48499219,108.86438430171165,43.75263806527346,65.1117462364382,18.350395
111372486.22485155,111386341.22485155,111379583.22485155,474.3548725657142,412.36383041726214,61.99104214845204,12.069183
111457279.97132617,111457354.97132617,111457308.97132617,75.27599080665446,28.80780274785259,46.46818805880187,12.231757
117678531.90403003,117680545.90403003,117679051.90403003,2014.4792390266005,519.827346381079,1494.6518926455215,923.2511
117830378.55883001,117833667.55883001,117831257.55883001,3288.8096895621857,878.2312180611771,2410.5784715010086,546.20355
117845000.55883001,117847389.55883001,117845816.55883001,2388.2579623156635,815.1748662841565,1573.083096031507,399.4917
117850767.18184899,117853427.18184899,117851907.18184899,2660.019399290669,1139.6895469699941,1520.329852320675,1957.514
117950411.89184003,117957974.89184003,117953609.89184003,7562.949955765791,3197.5160383161965,4365.433917449594,96.16788
117969698.89184003,117976971.89184003,117971737.89184003,7273.299117768591,2038.3554401671136,5234.943677601477,95.93158
118031465.44376001,118033720.44376001,118032848.44376001,2254.9017434296693,1382.1946497793124,872.7070936503569,150.63121
118059486.44376001,118071732.44376001,118060965.44376001,11502.727098382464,1478.5385900951733,10024.18850828729,106.91526
118075488.44376001,118082356.44376001,118076445.44376001,6136.602395023852,956.1365107068559,5180.465884316996,166.2813
118115794.14531901,118117700.14531901,118116309.14531901,1906.5434348543977,514.5808978306004,1391.9625370237973,111.661316
118162379.14531901,118171799.14531901,118162752.14531901,8686.207133982927,372.36095793675486,8313.846176046172,95.57638
118184100.14531901,118187003.14531901,118184580.14531901,2901.972773848436,478.9023077821912,2423.070466066245,89.456665
118203263.787875,118207057.787875,118204357.787875,3793.8431371360475,1093.7678214321786,2700.075315703869,87.35047
118210943.787875,118212364.787875,118211313.787875,1421.6598574520194,369.9033680423763,1051.756489409643,68.26966
118223323.787875,118228624.787875,118226900.787875,5300.890319960996,3576.8872013248147,1724.0031186361812,84.06952
118231690.787875,118233181.787875,118232414.787875,1490.8063739708232,723.0040518638561,767.802322106967,83.54805
118241392.787875,118247774.787875,118242515.787875,5644.485767298698,386.35940181833575,5258.126365480362,84.09052
118248781.787875,118252906.787875,118249600.787875,3390.181137591426,83.76367167871649,3306.4174659127093,63.72717
118253577.787875,118255624.787875,118254046.787875,2046.508947772083,468.30613075650035,1578.2028170155827,80.13265
118271259.787875,118272394.787875,118271543.787875,1134.0307261331618,283.4282109649357,850.6025151682261,83.97053
118281279.787875,118281516.787875,118281353.787875,236.70865971242893,73.04912986526324,163.6595298471657,84.92021
118286190.4259961,118287440.4259961,118286511.4259961,1249.9507323659973,320.4818083294631,929.4689240365342,78.577965
118289352.4259961,118300666.4259961,118293881.4259961,11314.193863598224,4528.320894319861,6785.872969278364,131.71414
118306899.4259961,118313283.4259961,118310809.4259961,6384.238535621571,3909.995287089281,2474.2432485322897,91.2074
118319412.4259961,118320839.4259961,118320077.4259961,1426.5844983885545,664.3104890148825,762.274009373672,107.56878
118373481.08163281,118377029.08163281,118374543.08163281,3547.7541366529376,1061.1126321384281,2486.6415045145095,83.39453
118383735.08163281,118384678.08163281,118384355.08163281,943.243701213014,619.3468022024572,323.8968990105568,76.01635
118382417.08163281,118391366.08163281,118387958.08163281,8939.954588955237,5540.183254048339,3399.771334906898,74.02259
118393997.08163281,118403656.08163281,118398859.08163281,9658.887573060256,4861.804954087678,4797.082618972578,91.78375
118410105.08163281,118411540.08163281,118410747.08163281,1434.7723873007053,641.0233626932895,793.7490246074158,73.3173
118418260.08163281,118422633.08163281,118421085.08163281,3631.817085403316,2084.3421707275484,1547.4749146757676,67.47249
118430031.08163281,118431282.08163281,118430554.08163281,1250.5070011615535,522.3632207026021,728.1437804589514,61.172436
118436829.08163281,118445933.08163281,118441747.08163281,9103.807548387267,4917.791748821881,4186.015799565386,61.4562
118446970.08163281,118448295.08163281,118448157.08163281,582.8256670686969,444.245059053952,138.58060801474494,59.27181
118511933.77699414,118526550.77699414,118517981.77699414,13871.66286731801,6047.599909702258,7824.062957615752,77.54115
118571682.44465332,118591700.44465332,118580716.44465332,20018.084186424032,9033.846837098692,10984.23734932534,84.41529
118606522.44465332,118610056.44465332,118607787.44465332,3533.696153959281,1264.387164671898,2269.308989287383,82.01514
118773449.87454198,118795472.87454198,118774372.87454198,7096.910403807546,168.99329418620619,6927.9171096213395,131.9428
118802711.58606152,118802821.58606152,118802766.58606152,110.65602914013334,54.90297124840481,55.75305789172853,59.197353
118804262.58606152,118810296.58606152,118807833.58606152,6033.561504940007,3570.135796123782,2463.425708816225,42.81466
118824781.58606152,118830055.58606152,118827297.58606152,5273.405025268148,2515.3934018934124,2758.011623374736,45.93879
118871920.58606152,118874847.58606152,118873363.58606152,2927.4489534594177,1442.5361184730573,1484.9128349863604,44.67373
118898395.34056641,118901145.34056641,118899294.34056641,2750.047759070576,898.1737563325314,1851.8740027380445,36.122772
118941008.34056641,118943383.34056641,118942561.34056641,2375.4792735158844,1552.6414669617443,822.8378065541401,42.324722
118949469.34056641,118951572.34056641,118950986.34056641,2103.1919565108983,1516.557612071978,586.6343444389204,70.94631
118976322.09821191,118976998.09821191,118976641.09821191,676.1305071410488,318.21489137891604,357.9156157621328,30.639969
118999126.09821191,119004308.09821191,119000115.09821191,5174.9205694519405,981.6882338287796,4193.232335623161,51.657185
119038202.09821191,119038765.09821191,119038463.09821191,562.9786310007185,260.2549085497594,302.72372245095903,76.423645
119037503.09821191,119041492.09821191,119040535.09821191,3989.4712579319385,3031.727593636657,957.7436642952816,55.713005
119043795.09821191,119044806.09821191,119043857.09821191,1010.1104342006875,61.007644210141734,949.1027899905457,52.715366
119048312.09821191,119052727.09821191,119051573.09821191,4414.94071557156,3260.936820018658,1154.0038955529017,74.20314
119060572.86832996,119062212.86832996,119061216.86832996,1640.127910423802,643.7037194221848,996.4241910016171,173.27216
119103804.86832996,119104381.86832996,119104007.86832996,577.1619386823877,202.2973598152239,374.8645788671638,164.23862
119186094.63823438,119190517.63823438,119187159.63823438,4422.480012570064,1064.3183583406862,3358.1616542293777,66.26511
119195756.63823438,119196790.63823438,119196163.63823438,1034.1735379467718,406.2232171872165,627.9503207595553,99.15591
119199723.63823438,119202256.63823438,119200551.63823438,2532.5584672833866,827.1841267108539,1705.3743405725327,112.036865
119233151.42648828,119235546.42648828,119233308.42648828,2395.232836045325,156.23854896703028,2238.9942870782943,80.156044
119249869.42648828,119253527.42648828,119251853.42648828,3657.238742306221,1983.1169689237213,1674.1217733824997,68.12234
119278122.42648828,119285602.42648828,119279541.42648828,7480.102857731275,1418.799504266557,6061.303353464718,59.21921
119358380.1707949,119360910.1707949,119358799.1707949,2530.3108708828113,418.72188309034027,2111.588987792471,319.48444
119438292.12882128,119441457.12882128,119439600.12882128,3165.526041551995,1307.9064379841075,1857.6196035678877,329.5149
119446809.12882128,119448315.12882128,119447229.12882128,1505.8380361884047,419.65981865405047,1086.1782175343542,386.58224
119438119.12882128,119460752.12882128,119454888.12882128,22628.857255405102,16764.43774384705,5864.419511558051,378.54434
119458891.12882128,119459684.12882128,119459101.12882128,792.3467623751203,209.04825457752304,583.2985077975973,343.66074
119492090.85406445,119498195.85406445,119496435.85406445,6103.217488001517,4342.548150178846,1760.669337822671,178.73167
119531782.85406445,119537185.85406445,119533346.85406445,4775.060397463538,1563.2416999201923,3211.8186975433455,192.95395
119632109.11755665,119632737.11755665,119632288.11755665,628.0386467521603,178.4053928520807,449.6332539000796,5641.182
119666906.71617383,119668111.71617383,119667061.71617383,1205.4942009936217,154.84887212156036,1050.6453288720613,303.23456
119802282.68199708,119803336.68199708,119802726.68199708,1053.6715074403473,443.11140988704574,610.5600975533016,846.72864
119853798.44601367,119855862.44601367,119854016.44601367,773.6315717413017,217.70782928657354,555.9237424547282,351.75784
119863022.44601367,119865026.44601367,119864041.44601367,2004.3530228755262,1018.9749311420528,985.3780917334734,533.1937
119873718.44601367,119875333.44601367,119874462.44601367,1614.7378002372316,743.2138157462723,871.5239844909593,496.95944
119971492.20039843,119972361.20039843,119971782.20039843,869.3315881277886,289.94281724664324,579.3887708811453,685.0516
120006201.20039843,120006575.20039843,120006298.20039843,374.166868756176,96.86241245744895,277.304456298727,733.9776
120012166.02955858,120013389.02955858,120012948.02955858,1222.803827830183,781.7769966653912,441.02683116479193,76.8392
120014156.02955858,120019389.02955858,120016523.02955858,3679.540404091759,2366.621979088872,1312.9184250028866,102.93947
120028551.02955858,120032755.02955858,120030840.02955858,2632.0292415160093,2288.559708262461,343.46953325354843,61.356583
120044674.02955858,120051707.02955858,120047938.02955858,4648.763490253452,1672.3854386674648,2976.378051585987,75.5082
120162666.74616309,120163873.74616309,120162929.74616309,1206.9790205765894,262.03047514127684,944.9485454353126,133.34784
120182483.57744628,120182788.57744628,120182575.57744628,293.9236845902765,91.59799539367063,202.32568919660582,83.68366
120198388.57744628,120202506.57744628,120199279.57744628,2329.825271825832,890.8456232450244,1438.9796485808074,78.641815
120206698.57744628,120211728.57744628,120209542.57744628,3230.7793219410523,1044.442337186676,2186.3369847543763,80.83662
120204634.57744628,120223703.57744628,120214748.57744628,12979.702810482911,8314.419082530374,4665.283727952537,97.41476
120226261.57744628,120230784.57744628,120227271.57744628,1899.402327998996,1009.030506256644,890.371821742352,89.37861
120233897.57744628,120238103.57744628,120235933.57744628,2372.3333114825364,2035.4064225403417,336.92688894219464,71.33955
120242918.57744628,120266878.57744628,120255074.57744628,16546.058029089836,8463.5507526695,8082.507276420336,82.452065
120342088.399845,120344554.399845,120344047.399845,549.9868274516484,42.0790662285508,507.9077612230976,429.18835
120396020.110874,120396311.110874,120396165.110874,290.429163853154,144.33697346717236,146.09219038598167,355.84387
120429746.110874,120430591.110874,120429893.110874,844.7904117628932,146.54087741526746,698.2495343476257,207.23769
120457405.92704497,120458456.92704497,120457748.92704497,1051.6431406602533,342.8633725089421,708.7797681513111,295.25302
120455068.92704497,120467997.92704497,120465392.92704497,8974.936348977335,6369.009763832408,2605.9265851449272,292.96603
120585092.4946621,120585984.4946621,120585288.4946621,892.1754774502924,195.50830275710223,696.6671746931902,1412.2798
120594255.4946621,120596524.4946621,120594667.4946621,2269.2362120381986,411.38837918068566,1857.847832857513,1466.8749
120748555.67658898,120749514.67658898,120748896.67658898,959.6484572993973,340.8012179756406,618.8472393237566,1939.458
120758469.67658898,120759443.67658898,120758590.67658898,974.3434742761219,120.75801308192968,853.5854611941922,2528.1775
120773257.67658898,120776586.67658898,120773586.67658898,552.2991365930284,328.6393620271738,223.6597745658546,1836.5613
120790807.599685,120792161.599685,120791380.599685,1353.6955770216784,572.3241982507286,781.3713787709498,849.8102
120829734.599685,120846798.599685,120835467.599685,8974.74831117173,3105.6068052159753,5869.141505955755,652.24786
135028735.23432,135030423.23432,135029283.23432,1687.7476416645732,547.3808513358017,1140.3667903287715,1506.3097
135049320.981535,135050677.981535,135049978.981535,1357.0337957410075,657.1283952613912,699.9054004796162,1082.1311
135143253.73440003,135148720.73440003,135144512.73440003,3895.4449802768886,1258.0249295333542,2637.4200507435344,298.4545
135146564.73440003,135148497.73440003,135148194.73440003,363.82487903280344,59.836913143364654,303.9879658894388,280.59445
135153615.73440003,135157636.73440003,135155286.73440003,2440.494055674324,90.4219845905136,2350.0720710838104,333.19812
135216434.50494003,135216998.50494003,135216623.50494003,527.5363649626302,188.9163951145494,338.6199698480807,395.56845
135266019.50494003,135275819.50494003,135271872.50494003,6376.820392970178,4142.403638906202,2234.4167540639755,331.83795
135367065.249865,135368419.249865,135367824.249865,1354.0873543412818,758.7555335420184,595.3318207992634,644.3228
135448483.036509,135460884.036509,135451759.036509,8725.548593980551,1440.3428675754622,7285.205726405089,1739.3225
135504881.726605,135505582.726605,135504987.726605,701.2545011890797,105.43919042606649,595.8153107630133,347.13202
135509418.726605,135510502.726605,135509652.726605,1084.109574883987,233.12531551596112,850.984259368026,480.81775
135520140.726605,135522512.726605,135520443.726605,501.5023107509842,302.9950755516911,198.50723519929306,567.5941
135540590.726605,135547295.726605,135544522.726605,4823.53159085579,2050.4811775461712,2773.0504133096183,499.27795
135646753.47873902,135647376.47873902,135647011.47873902,623.5440490945184,257.8771379805985,365.6669111139199,16215.322
135689750.27281,135695642.27281,135692193.27281,3917.25260774856,467.8947203026728,3449.357887445887,3578.673
135738496.93659997,135742843.93659997,135741935.93659997,2336.678123741099,1428.6288585786074,908.0492651624918,1059.8368
135744200.93659997,135748795.93659997,135745320.93659997,2580.5178040043274,1118.9938895175392,1461.5239144867883,997.39166
135788461.93659997,135797587.93659997,135795498.93659997,4213.717309457388,4171.248663260398,42.46864619699045,1211.4563
135801273.93659997,135807487.93659997,135804775.93659997,3199.1076660702092,486.97902023687493,2712.1286458333343,1367.3109
135836386.73182502,135844881.73182502,135837349.73182502,6419.58225429003,962.0494627572389,5457.532791532791,6459.91
135893241.73182502,135896405.73182502,135893483.73182502,1054.9902048195218,241.22408764730062,813.7661171722211,12100.234
135989159.47464,135992429.47464,135990765.47464,3269.6906981662687,1605.1670097998867,1664.523688366382,4478.5947
136010719.57656503,136013706.57656503,136012077.57656503,2987.028086863407,1357.7526444422729,1629.2754424211344,905.2583
136047233.57656503,136047786.57656503,136047327.57656503,553.5336744610686,93.59983343298518,459.9338410280834,936.53796
136054337.57656503,136054973.57656503,136054421.57656503,635.4447229013313,83.03836742381827,552.406355477513,1262.7667
136061105.57656503,136062161.57656503,136061412.57656503,1055.2258718998855,306.0246262671935,749.201245632692,770.5804
136085296.18492,136088130.18492,136085852.18492,704.9302761420604,555.1501407228316,149.78013541922883,4626.7583
136174109.01803002,136176335.01803002,136175447.01803002,1676.0214313592833,1321.4194173547285,354.6020140045548,2697.5364
136256818.75892,136260220.75892,136259131.75892,1193.934196428495,104.67946820809266,1089.2547282204023,505.4996
136281952.75892,136287551.75892,136283288.75892,2643.6409803012903,596.3264139662788,2047.3145663350115,588.3156
136331206.75892,136332293.75892,136331613.75892,1087.1771324656147,406.64594060556556,680.5311918600491,467.3092
136366905.502005,136369296.502005,136367141.502005,1527.5457185263313,235.33941931373374,1292.2062992125975,634.39075
136490550.20247,136494039.20247,136490766.20247,1203.9447586182941,215.32043653551955,988.6243220827746,320.06482
136495932.20247,136497640.20247,136497232.20247,673.0553309205861,264.50440425523266,408.5509266653535,338.7758
136498848.20247,136502223.20247,136501179.20247,1087.0310998341374,43.2739445976913,1043.7571552364461,439.63138
136526861.905555,136536738.905555,136527302.905555,4202.332240163522,440.5834750911299,3761.7487650723924,426.76352
136554900.905555,136559338.905555,136555171.905555,2131.840258802018,270.8926849337622,1860.9475738682559,340.50867
136655407.60223007,136673797.60223007,136672038.60223007,8070.849753630442,6311.129719736746,1759.7200338936964,208.20589
136716046.332085,136718453.332085,136716468.332085,1115.029094087793,421.6627747109669,693.3663193768261,171.58995
136797748.099045,136801869.099045,136800530.099045,1726.3781985513779,386.7558614383015,1339.6223371130764,181.82358
136833337.099045,136850036.099045,136843746.099045,5715.854014844808,4220.542788917141,1495.3112259276677,206.31067
136889404.836175,136890235.836175,136889615.836175,830.3887348245116,210.10971498281106,620.2790198417006,333.9815
136900574.836175,136924412.836175,136904439.836175,10862.518967770604,2443.314273277956,8419.204694492648,300.42548
136989929.58920503,137006628.58920503,136996947.58920503,6418.183099937993,3099.6691585044973,3318.5139414334953,104.86075
137022468.58920503,137028391.58920503,137025484.58920503,973.9621855239893,513.5758529660161,460.3863325579732,169.2474
137052465.332605,137056471.332605,137052885.332605,548.6624162874214,419.1360797499219,129.52633653749945,275.7787
137058053.332605,137070819.332605,137059602.332605,4816.132797509059,30.792669111526266,4785.340128397533,220.82367
137099215.332605,137106322.332605,137099705.332605,3099.392033417462,489.8775450401554,2609.5144883773064,252.41043
137110350.332605,137116570.332605,137114843.332605,2202.8041119340123,2025.8049272116477,176.9991847223646,237.58858
137184766.07632902,137187803.07632902,137185492.07632902,1439.2750811721999,725.112323888945,714.1627572832549,41618.1
137267589.82915998,137273265.82915998,137270776.82915998,1532.190067644373,686.9935208771385,845.1965467672344,11908.327
137305991.57627505,137306873.57627505,137306245.57627505,882.1768173271448,253.30842543328254,628.8683918938623,2824.5488
137338786.57627505,137349694.57627505,137342737.57627505,4192.419963052249,1435.4607362597126,2756.9592267925364,3632.043
137413443.315995,137419819.315995,137415728.315995,2118.1275269822927,559.8230676705134,1558.3044593117793,508.70123
137473026.10391903,137480073.10391903,137477308.10391903,1723.588762121929,717.6999097227317,1005.8888523991973,678.0555
137485142.10391903,137497969.10391903,137494113.10391903,3183.0841879288837,1874.458735431348,1308.6254524975357,767.68774
137548812.87242007,137549032.87242007,137548856.87242007,210.2997373985751,43.30097476710469,166.9987626314704,139.57146
137551616.87242007,137551933.87242007,137551691.87242007,316.26240305720853,74.08945981554666,242.17294324166187,141.58195
137552241.87242007,137555092.87242007,137555037.87242007,292.67202307098887,236.72945552587566,55.94256754511321,123.573524
137555144.87242007,137555800.87242007,137555612.87242007,655.3049662550009,467.0481964828207,188.25676977218018,131.4817
137558149.87242007,137558425.87242007,137558238.87242007,275.97197193301326,88.12710221418502,187.84486971882825,138.37491
137559049.87242007,137559310.87242007,137559213.87242007,261.4691518132672,163.7511294847186,97.71802232854861,164.30745
148263303.70090002,148274429.70090002,148273103.70090002,11125.326613911857,9799.162287649533,1326.1643262623238,1686.2245
148304748.70090002,148314389.70090002,148307948.70090002,8970.964661393395,2529.7792187500017,6441.185442643393,1260.758
148321989.70090002,148323386.70090002,148322432.70090002,1397.6368718677477,442.927726784088,954.7091450836597,1176.4159
148325793.70090002,148327408.70090002,148326929.70090002,1615.256190591972,1135.8136698418966,479.44252075007535,1271.802
148527283.04735902,148534012.04735902,148529911.04735902,6727.755052158059,2627.66992486909,4100.085127288969,490.80673
148623414.79671997,148625687.79671997,148624233.79671997,2273.525026457746,818.9735664728851,1454.5514599848611,7708.5854
148785106.28822902,148785991.28822902,148785341.28822902,885.4695637174746,234.93064600064736,650.5389177168272,2650.472
148986109.640095,148987501.640095,148986547.640095,1391.392281205357,437.301420130927,954.09086107443,2412.8232
148996284.640095,148996901.640095,148996417.640095,617.4592643227879,132.45964346970868,484.99962085307925,3054.9614
149019818.640095,149020747.640095,149020130.640095,929.7865835411358,311.81473183853086,617.9718517026049,2101.823
149142954.713655,149144601.713655,149143382.713655,1646.9064725955504,427.36529274219356,1219.5411798533569,31538.008
149181887.713655,149183405.713655,149182147.713655,819.0065603525582,259.891506312415,559.1150540401431,23544.81
149237923.412104,149238445.412104,149238089.412104,522.1147465418435,165.83481973402013,356.27992680782336,4872.3403
149514204.45421,149517810.45421,149514382.45421,3604.863062443117,177.05591333507618,3427.807149108041,936.37946
149519805.45421,149523793.45421,149520139.45421,3988.818347504908,333.8682240481212,3654.950123456787,890.1035
149542558.45421,149549355.45421,149543187.45421,6109.726010311308,628.1224635132821,5481.6035467980255,820.4369
149578363.157094,149589953.157094,149582096.157094,11589.345697929268,3732.3413488080296,7857.004349121238,3099.4304
149652881.87032998,149653710.87032998,149653113.87032998,828.7743620040264,231.09670118531267,597.6776608187138,2345.7847
149723581.87032998,149724541.87032998,149723780.87032998,960.3842854969116,198.42933812849515,761.9549473684165,4548.4736
149726447.87032998,149727126.87032998,149726707.87032998,678.4095578460838,259.29191078725853,419.11764705882524,3231.5588
150085962.62871003,150091606.62871003,150088281.62871003,4973.639595545523,2318.880828192958,2654.758767352565,1754.8771
150201243.471805,150207309.471805,150204413.471805,6065.230174590375,3169.1794161306316,2896.0507584597435,497.15793
150230490.471805,150237301.471805,150232089.471805,6810.046287098536,1598.0406650190998,5212.005622079436,584.7383
150245823.471805,150247510.471805,150246817.471805,1687.2979736594716,993.7923076923034,693.5056659671682,465.16412
150460036.87167007,150464117.87167007,150462540.87167007,3337.690555511217,1759.8892381167316,1577.8013173944855,3649.6797
150493210.87167007,150497426.87167007,150494268.87167007,4215.675757922581,1057.7397489539726,3157.936008968609,4687.5933
150532330.66065496,150534472.66065496,150532764.66065496,2141.793133793675,433.60764408110845,1708.1854897125668,21492.26
150774285.12690002,150774636.12690002,150774421.12690002,351.3959241024031,135.95572848416396,215.44019561823916,1781.1954
150774227.12690002,150783059.12690002,150777945.12690002,8832.747265717071,3717.842473341305,5114.904792375766,1717.4047
150825593.12690002,150826606.12690002,150825761.12690002,1013.2309776744587,167.80094395785272,845.430033716606,1100.49
150921015.926885,150922287.926885,150921224.926885,1271.9956611577727,208.2097668828501,1063.7858942749226,1759.2026
150932779.926885,150935240.926885,150933970.926885,2460.9138072367496,1190.333928571432,1270.5798786653177,2511.055
150946363.71271998,150947108.71271998,150946495.71271998,745.1674905800955,131.55322949979563,613.6142610802999,3714.0667
150950536.71271998,150955229.71271998,150951902.71271998,3900.9882932544606,573.3018809385303,3327.6864123159303,3354.8323
151221250.03695402,151221786.03695402,151221481.03695402,535.8064736579363,230.36640886826353,305.44006478967276,380.4271
151222802.03695402,151223422.03695402,151223021.03695402,619.9958075957402,218.34582923470225,401.64997836103794,384.2234
151536568.055999,151540575.055999,151538192.055999,1603.12086397854,838.1694446873662,764.9514192911738,752.31213
151565989.81978506,151567437.81978506,151566181.81978506,1447.7809129112538,191.5720060877793,1256.2089068234745,1122.1765
151570893.81978506,151571911.81978506,151571176.81978506,1017.8533397212304,282.1476727377849,735.7056669834456,1366.8132
151599985.81978506,151602731.81978506,151600543.81978506,2746.2360685598833,557.548788451626,2188.6872801082573,1708.3915
151697700.58499,151709682.58499,151699326.58499,10160.077554122465,1624.7299444486707,8535.347609673794,1830.2136
151857880.10343003,151871426.10343003,151870718.10343003,9005.697857880696,8296.837796650529,708.860061230167,1455.1904
152083842.330204,152089379.330204,152086135.330204,3450.3040722562528,2292.0898191726537,1158.214253083599,13691.616
152939117.99748498,152945245.99748498,152941855.99748498,1454.1812830877252,477.8199469114634,976.3613361762618,2397.4766
152973406.99748498,152974098.99748498,152973580.99748498,692.3141644909629,173.46282234194223,518.8513421490206,3006.2026
153049001.79719,153059323.79719,153052998.79719,3089.223248984832,1552.6363965073542,1536.5868524774778,1544.7932
153118800.57250008,153122708.57250008,153119458.57250008,1443.8789472409608,657.6471360023988,786.2318112385619,1533.4624
153127354.57250008,153137113.57250008,153129858.57250008,3289.3124638310965,37.596328983430794,3251.7161348476657,1767.4264
153247087.35212502,153254099.35212502,153248445.35212502,2890.7483555794897,1357.4238113136635,1533.3245442658263,27923.703
176389365.66002503,176392388.66002503,176390095.66002503,1331.7936582498824,729.9005286783049,601.8931295715774,1699.662
176388901.66002503,176397004.66002503,176395909.66002503,3855.071976337653,2760.0797846567966,1094.9921916808562,1737.4141
180444019.330065,180445096.330065,180444525.330065,1077.182542909759,505.4663918633523,571.7161510464066,16425.543
180457074.330065,180459146.330065,180457717.330065,2071.725309220885,642.7064128998172,1429.0188963210676,12013.539
180617397.314665,180618755.314665,180617658.314665,1357.2964827240685,260.1599385560694,1097.136544167999,12482.103
181325801.34945503,181328345.34945503,181326162.34945503,2544.9401404493256,360.99096185896633,2183.949178590359,33773.98
181425918.076319,181427155.076319,181426249.076319,1237.2372835060232,330.5718662106956,906.6654172953276,50872.367
181706297.99899,181709344.99899,181706845.99899,3047.2631104666334,547.3289958833002,2499.934114583333,8966.667
181721635.99899,181722656.99899,181721996.99899,1020.8224161105754,360.7596452798207,660.0627708307547,7002.1494
181730982.99899,181732280.99899,181731496.99899,1298.477213218197,513.5338470128409,784.9433662053561,6658.045
181738105.99899,181740549.99899,181738928.99899,1770.0637175003067,148.38222655248683,1621.6814909478198,6152.1514
181791155.899615,181801697.899615,181798576.899615,10542.26771703882,7420.365856573705,3121.9018604651155,5426.572
181815694.899615,181817869.899615,181816594.899615,2175.1679281014294,899.8770698924745,1275.290858208955,3804.987
181838954.899615,181845933.899615,181841991.899615,6303.587565115966,3035.1790750568616,3268.408490059104,3769.484
181868802.899615,181871404.899615,181869245.899615,2602.272136850792,442.5966311664524,2159.6755056843394,5687.4795
181920218.69942,181932136.69942,181925272.69942,10579.138201803718,4384.225313283205,6194.912888520514,15556.292
181960538.51095504,181962039.51095504,181960871.51095504,1501.4992956389838,332.7181322040806,1168.7811634349032,9982.633
182073958.31222403,182077676.31222403,182074428.31222403,3717.94267306702,469.3034469977756,3248.6392260692446,6338.2046
182082181.31222403,182085312.31222403,182082900.31222403,3130.7737848665274,718.255817534402,2412.5179673321254,5464.82
182095040.31222403,182103432.31222403,182096889.31222403,7727.333967211678,1848.742484045164,5878.591483166514,6859.1113
182123649.31222403,182124357.31222403,182123842.31222403,707.8251281949051,192.22471701526956,515.6004111796356,6139.7017
182123629.31222403,182126280.31222403,182125013.31222403,2650.979843071211,1383.2456658560259,1267.734177215185,7042.532
182189516.165429,182194881.165429,182190603.165429,4703.6083239574145,1086.4894204146185,3617.118903542796,29923.602
182248861.99912402,182249262.99912402,182248980.99912402,401.8667744321756,118.92878589648171,282.9379885356939,41148.562
182355467.765065,182355858.765065,182355533.765065,391.0656646749412,65.07220001135283,325.9934646635884,14667.091
182363294.765065,182363682.765065,182363394.765065,388.7234419244196,99.9361915971167,288.7872503273029,8260.788
182390970.58637995,182393738.58637995,182391726.58637995,2741.677866259012,729.363635948749,2012.3142303102627,22267.135
182511078.38560003,182518626.38560003,182512749.38560003,6575.154629277051,1670.0168705088727,4905.137758768178,19899.582
182614599.177839,182620112.177839,182615862.177839,4322.832558342976,71.9914893617024,4250.841068981274,10272.562
182689060.96143502,182710247.96143502,182707975.96143502,17289.077081466115,15016.26350931677,2272.8135721493454,3577.5237
182718859.96143502,182722713.96143502,182719531.96143502,2525.7758623913833,671.990595518866,1853.7852668725172,3218.4905
182742005.72547504,182757980.72547504,182744709.72547504,11194.948139201908,691.7404514431837,10503.207687758724,3767.7966
182796357.72547504,182804923.72547504,182798342.72547504,7099.0036611083415,1984.3552060521615,5114.64845505618,6085.8794
182847219.48935503,182850512.48935503,182850041.48935503,1747.6924202808514,1276.6329935125104,471.0594267683409,3473.499
182873505.48935503,182874089.48935503,182873632.48935503,583.7316375252412,126.36291616868402,457.3687213565572,3540.0537
182900417.48935503,182904275.48935503,182900784.48935503,3857.2378814937038,366.2257526773101,3491.0121288163937,2756.1604
